"0","library(ggplot2) # graphing"
"0","library(tidyr) # dataframe manipulation"
"0","library(lubridate) # for handling date times"
"2","
Attaching package: ‘lubridate’

"
"2","The following objects are masked from ‘package:base’:

    date, intersect, setdiff, union

"
"0","library(plotly) # for making interactive graphs"
"2","Registered S3 method overwritten by 'data.table':
  method           from
  print.data.table     
"
"2","
Attaching package: ‘plotly’

"
"2","The following object is masked from ‘package:ggplot2’:

    last_plot

"
"2","The following object is masked from ‘package:stats’:

    filter

"
"2","The following object is masked from ‘package:graphics’:

    layout

"
